Patient ID	sex	Age	Phenotypic Features	Diagnosis	Gene	mutation	segregation
P1	f	3y	HP:0001263, HP:0000750, HP:0001270, HP:0003508, HP:0000252, HP:0011968, HP:0008676, HP:0010230, HP:0000960, HP:0007441, HP:0000316, HP:0000309, HP:0000457, HP:0000179, HP:0000215, HP:0000293, HP:0000470	Wiedemann-Steiner syndrome	KMT2A	NM_001197104 Exon 27 c.7264G>T p.G2422*	de novo
P2	f	5y	HP:0001263, HP:0000750, HP:0001510, HP:0012171, HP:0008936, HP:0000486, HP:0000322, HP:0000718, HP:0100716, HP:0000687	Mental retardation, autosomal dominant 5	SYNGAP1	uc010juz.3, exon1, c.302C>A, p.S101*	de novo
P3	f	6y	HP:0005709, HP:0009482, HP:0009579, HP:0009563, HP:0009597, HP:0009568, HP:0009437, HP:0009299, HP:0009161, HP:0009630, HP:0009638, HP:0000288, HP:0000219, HP:0001837	Pfeiffer syndrome	FGFR2	uc010qtl.2, exon5, c.515C>T, p.A172F	de novo
P4	f	Death at 5.5m	HP:0004381, HP:0011716, HP:0005301, HP:0001087, HP:0000647, HP:0000541, HP:0001762, HP:0009466, HP:0009473, HP:0011968, HP:0001396, HP:0002188, HP:0005469, HP:0000308, HP:0000252, HP:0000260, HP:0200061, HP:0000574, HP:0000316, HP:0005280, HP:0000293, HP:0010769	Frank-ter Haar syndrome	SH3PXD2B	uc003mbr.3, exon4, c.250C>T, p.R84*	Autosomal recessive
P5	f	6m	HP:0003552, Generalized dystonia (HP:0007325) HP:0002179, HP:0001263, HP:0000635	Infantile Parkinsonism dystonia	SLC6A3	uc003jck.3, exon 13 c.1639_1640insC p.H547fs & exon 10 c.1297G>A p.G433R	Autosomal recessive (compound het.)
P6	m	Fetus (m)Death at 22w of gestation	HP:0005855, HP:0006385,  HP:0002980, HP:0003097, HP:0005792,  HP:0001622	Infantile hypophos- phatasia	ALPL	uc010odp.2, exon 9, c.1052G>C, p.R351P & exon 10 c.1132G>A p.G378S	Autosomal recessive (compound het.)
P7	m	7y	HP:0001562, HP:0008936, HP:0000519, HP:0000501, HP:0000648, HP:0000565, HP:0000639, HP:0000505, HP:0007709, HP:0000540, HP:0000568, HP:0006094, Joint hypermobility (HP:0001382) HP:0002019, HP:0004429, HP:0000490, HP:0000179, HP:0000215, HP:0000322, HP:0000494, HP:0000615, HP:0000765	Nance-Horan Syndrome / Cataract 40, X-linked	NHS	uc004cya.3, exon6, c.2403delC, p.N802fs	de novo (X chromosomal)
P8	m	14y	HP:0000256, HP:0000750, HP:0001263, HP:0000581, HP:0001488, HP:0011039, HP:0010532, HP:0008769, HP:0001004, HP:0000975, HP:0000537, HP:0009907, Long toe (HP: 0010511)	Wiedemann- Steiner syndrome	KMT2A	uc001pta.3 exon 27, c.10343delA p.E3448fs7	de novo
P9	f	6y	HP:0001263,Motor delay (HP:0001270) HP:0001643, HP:0001252, HP:0000717, Seizures (HP:0001250) HP:0002286, HP:0000635, HP:0002209	Mental retardation, autosomal dominant 7	DYRK1A	uc011aei.2, exon7, c.961C>T, p.Q321*	de novo
P10		4 children between 1.5 and 7y	HP:0001249, HP:0001263, HP:0002079, HP:0011968, HP:0002650, HP:0001348, HP:0000252, HP:0000369, HP:0000510	Type IV mucolipidosis	MCOLN1	uc002mgp.3, exon9, c.1103G>T, p.R368L	Autosomalrecessive(hom.)
P11	m	3y	HP:0001510, HP:0003739, HP:0005305, HP:0002132, HP:0011968, HP:0001252, HP:0000750, HP:0001270, HP:0005301, HP:0001655, HP:0001631, HP:0000545, HP:0000243, HP:0000252, HP:0000294, HP:0000286, HP:0000582, HP:0000316, HP:0002714, HP:0000218, HP:0006610, HP:0009162, HP:0009577, HP:0001837, HP:0000028	TARP syndrome	RBM10	uc004dhf.3, exon 11, c.1160G>A p.R387K	de novo (X chromosomal)
