Patient_identifier	Clinical_diagnosis_label	Gene	Genotype	Variant_1	Variant_2	
P1	HP:0011516, HP:0008275	CNGB3	HOM	c.1810C>T:p.(Arg604*)	
P2	HP:0011516, HP:0008275	CNGB3	HOM	c.1148del:p.(Thr383Ilefs*13)	
P3	HP:0011516, HP:0008275	ATF6	HOM	c.970C>T:p.(Arg324Cys)	
P4	HP:0011516, HP:0008275	POC1B	HOM	c.130_138del:p.(Ile44_Leu46del)	
P5	HP:0011516, HP:0008275	ATF6	HOM	c.1187+5G>C:p.?	
P6	HP:0011516, HP:0008275	GNAT2	HOM	c.906C>A:p.(Tyr302*)	
P7	HP:0012045	PLA2G5	HOM	c.133G>T:p.(Gly45Cys)	
P8	HP:0000480	YAP1	HET	c.284T>C:p.(Phe95Ser)	
P9	HP:0000548	GUCA1A	HET	c.332A>C:p.(Glu111Ala)	
P10	HP:0000548	AHI1	compHET	c.2945G>T:p.(Arg982Met)	c.1558A>G:p.(Lys520Glu)
P11	HP:0000548	PROM1	HET	c.1117C>T:p.(Arg373Cys)	
P12	HP:0000548	PROM1	HOM	c.436C>T:p.(Arg146*)	
P13	HP:0000548	RPGR	HEMI	c.3039_3040del:p.(Glu1018Argfs*60)	
P14	HP:0000548	ABCA4	compHET	c.2861A>C:p.(Tyr954Ser)	c.3191-1G>T:p.?
P15	HP:0000548	MERTK	HOM	c.1470del:p.(Pro490Profs*25)	
P16	HP:0000548	TTLL5	HOM	c.1627G>T:p.(Glu543*)	
P17	HP:0000548	CERKL	HOM	c.316C>A:p.(Arg106Ser)	
P18	HP:0000548	CFAP410	HOM	c.218G>C:p.(Arg73Pro)	
P19	HP:0000548	AGBL5	HOM	c.323C>G:p.(Pro108Arg)	
P20	HP:0000548	CFAP410	compHET	c.218G>C:p.(Arg73Pro)	c.655A>T:p.(Ile219Phe)
P21	HP:0000548	CDHR1	HOM	c.1463del:p.(Gly488Alafs*20)	
P22	HP:0000548	CDHR1	HOM	c.1463del:p.(Gly488Alafs*20)	
P23	HP:0007642, HP:0007984	NYX	HEMI	c.998_1003del:p.(Leu333_Phe334del)	
P24	HP:0007642, HP:0007984	TRPM1	compHET	c.380G>A:p.(Gly127Glu)	c.832G>A:p.(Gly278Arg)
P25	HP:0007642, HP:0007984	GPR179	compHET	c.870dup:p.(Asn291*)	c.1368del:p.(Phe456Leufs*30)
P26	HP:0007642, HP:0007984	RBP3	HOM	c.3454G>T:p.(Glu1152*)	
P27	HP:0007642, HP:0007984	TRNT1	HOM	c.295C>T:p.(Arg99Trp)	
P28	HP:0000556, HP:0011463	LCA5	HOM	c.617T>C:p.(Leu206Pro)	
P29	HP:0000556, HP:0011463	PDE6A	HOM	c.769C>T:p.(Arg257*)	
P30	HP:0000556, HP:0011463	BBS1	HOM	c.200G>A:p.(Arg67Glnext*-67)	
P31	HP:0000556, HP:0011463	CDH3	HOM	c.2357del:p.(Gly786Alafs*7)	
P32	HP:0000556, HP:0011463	CRX	HET	c.624T>A:p.(Tyr208*)	
P33	HP:0000556, HP:0011463	IMPG2	HOM	c.1875_1879dup:p.(Pro627Leufs*25)	
P34	HP:0000556, HP:0011463	ADAM9	HOM	c.967del:p.(Ser323Glnfs*33)	
P35	HP:0000556, HP:0011463	IQCB1	compHET	c.825_828del:p.(Arg275Serfs*6)	c.745A>T:p.(Arg249*)
P36	HP:0000556, HP:0011463	CEP290	HOM	c.2450T>G:p.(Ile817Ser)	
P37	HP:0030490	LRP5	compHET	c.1435G>A:p.(Gly479Arg)	c.4097A>G:p.(Asp1366Gly)
P38	HP:0007750	HPS6	HOM	c.779G>A:p.(Gly260Glu)	
P39	HP:0000556	ABCA4	compHET	c.4918C>T:p.(Arg1640Trp)	c.2041C>T:p.(Arg681*)
P40	HP:0000556	GUCY2D	HOM	c.2120T>C:p.(Leu707Pro)	
P41	HP:0000556	COL18A1	HOM	c.714dup:p.(Gly239Argfs*9)	
P42	HP:0000556	GUCY2D	HOM	c.652del:p.(Met218Trpfs*13)	
P43	HP:0000556	DHX38	HOM	c.971G>A:p.(Arg324Gln)	
P44	HP:0000556	SRD5A3	HOM	c.57G>A:p.(Trp19*)	
P45	HP:0000556	GUCY2D	HOM	c.2836G>A:p.(Ala946Thr)	
P46	HP:0000556	RPGRIP1	compHET	c.711del:p.(Pro237Profs*38)	c.2786A>G:p.(Tyr929Cys)
P47	HP:0000556	CEP290	HOM	c.148C>T:p.(His50Tyr)	
P48	HP:0000556	CRB1	compHET	c.976T>C:p.(Cys326Arg)	c.1798C>T:p.(Gln600*)
P49	HP:0000556	NMNAT1	HOM	c.53A>G:p.(Asn18Ser)	
P50	HP:0000556	CLN3	HOM	c.932C>A:p.(Ser311Tyr)	
P51	HP:0000556	TUB	HOM	c.1194_1195del:p.(Arg398Serfs*10)	
P52	HP:0000556	KCNJ13	HOM	c.496C>T:p.(Arg166*)	
P53	HP:0000556	LCA5	HOM	c.1676C>A:p.(Ser559*)	
P54	HP:0000556	RP1	HOM	c.1458_1461dup:p.(Glu488*)	
P55	HP:0000556	BBS1	HOM	c.200G>A:p.(Arg67Glnext*-67)	
P56	HP:0000556	IMPG2	HOM	c.68dup:p.(Asp23Glufs*29)	
P57	HP:0000556	IFT140	HOM	c.1451C>T:p.(Thr484Met)	
P58	HP:0000556	SPATA7	HOM	c.864dup:p.(Pro289Thrfs*6)	
P59	HP:0000556	GUCY2D	HOM	c.2395_2398dup:p.(His800Argfs*20)	
P60	HP:0000556	TULP1	HOM	c.751G>T:p.(Glu251*)	
P61	HP:0000556	IQCB1	HOM	c.1363C>T:p.(Arg455*)	
P62	HP:0000556	ABCA4	compHET	c.161G>A:p.(Cys54Tyr)	c.2160+1G>C:p.?
P63	HP:0000556	GUCY2D	HOM	c.2828dup:p.(Arg944Alafs*27)	
P64	HP:0007754	MFSD8	HOM	c.1361T>C:p.(Met454Thr)	
P65	HP:0007754	CRX	HET	c.774T>A:p.(Tyr258*)	
P66	HP:0007754	GUCY2D	HET	c.2512C>T:p.(Arg838Cys)	
P67	HP:0007754	GUCY2D	HET	c.2512C>T:p.(Arg838Cys)	
P68	HP:0007754	CRX	HET	c.121C>T:p.(Arg41Trp)	
P69	HP:0007754	RPGR	HEMI	c.3317dup:p.(Ser1107Valfs*4)	
P70	HP:0007754	CRX	HET	c.127C>T:p.(Arg43Cys)	
P71	HP:0007754	ABCA4	compHET	c.3522G>A:p.(=)	c.5527C>G:p.(Arg1843Gly)
P72	HP:0007754	CRX	HET	c.272G>A:p.(Arg91Lys)	
P73	HP:0007754	ABCA4	compHET	c.5882G>A:p.(Gly1961Glu)	c.885del:p.(Asp295Aspfs*5)
P74	HP:0007754	DRAM2	HOM	c.362A>T:p.(His121Leu)	
P75	HP:0007754	TTLL5	HOM	c.1586_1589del:p.(Glu529Valfs*2)	
P76	HP:0007754	RPGR	HEMI	c.3178_3179del:p.(Glu1066Glyfs*12)	
P77	HP:0007754	CDH3	HOM	c.1568del:p.(Asn523Metfs*14)	
P78	HP:0007754	TTLL5	compHET	c.401del:p.(Leu134Argfs*45)	c.3354G>A:p.(Trp1118*)
P79	HP:0007754	DRAM2	compHET	c.217_225del:p.(Val73_Tyr75del)	c.79T>C:p.(Tyr27His)
P80	HP:0000545, HP:0008527	COL9A3	HOM	c.1739dup:p.(Gly581Trpfs*20)	
P81	HP:0030636, HP:0030488	MFSD8	compHET	c.103C>T:p.(Arg35*)	c.1006G>C:p.(Glu336Gln)
P82	HP:0001107, HP:0007730, HP:0007750, HP:0030464	GPR143	HEMI	c.839A>G:p.(Asn280Ser)	
P83	HP:0001138, HP:0000649, HP:0030487	KIF11	HET	c.247C>T:p.(Arg83*)	
P84	HP:0000556	EYS	compHET	c.7994G>A:p.(Gly2665Glu)	c.2976T>A:p.(Cys992*)
P85	HP:0000556	LCA5	HOM	c.633_639del:p.(Glu211Aspfs*13)	
P86	HP:0000556	CERKL	HOM	c.316C>A:p.(Arg106Ser)	
P87	HP:0000510	PDE6A	HOM	c.1630C>T:p.(Arg544Trp)	
P88	HP:0000510	RPGR	HEMI	c.126T>G:p.(Cys42Trp)	
P89	HP:0000510	USH2A	compHET	c.2299del:p.(Glu767Serfs*21)	c.6050-1G>A:p.?
P90	HP:0000510	USH2A	compHET	c.7334C>T:p.(Ser2445Phe)	c.3902G>T:p.(Gly1301Val)
P91	HP:0000510	IMPG2	compHET	c.2426G>A:p.(Trp809*)	c.3412_3413insAA:p.(Ser1138Lysfs*21)
P92	HP:0000510	CNGB1	compHET	c.952C>T:p.(Gln318*)	c.3A>T:p.0?
P93	HP:0000510	PDE6A	compHET	c.1630C>T:p.(Arg544Trp)	c.769C>T:p.(Arg257*)
P94	HP:0000510	RPGR	HEMI	c.2323_2324del:p.(Arg775Glufs*59)	
P95	HP:0000510	CERKL	HOM	c.847C>T:p.(Arg283*)	
P96	HP:0000510	IMPG2	compHET	c.2426G>A:p.(Trp809*)	c.118G>T:p.(Glu40*)
P97	HP:0000510	RPGR	HEMI	c.2236_2237del:p.(Lys751Glyfs*18)	
P98	HP:0000510	RP1	HET	c.2206dup:p.(Thr736Asnfs*4)	
P99	HP:0000510	BBS1	HOM	c.1169T>G:p.(Met390Arg)	
P100	HP:0000510	RPGR	HEMI	c.914dup:p.(Asn305Lysfs*41)	
P101	HP:0000510	CRB1	HOM	c.1337T>C:p.(Ile446Thr)	
P102	HP:0000510	RP1	HOM	c.5883del:p.(Gln1961Glnfs*16)	
P103	HP:0000510	CNGB1	compHET	c.664C>T:p.(Gln222*)	c.262C>T:p.(Gln88*)
P104	HP:0000510	BBS1	HOM	c.1169T>G:p.(Met390Arg)	
P105	HP:0000510	USH2A	compHET	c.9882C>G:p.(Cys3294Trp)	c.653T>A:p.(Val218Glu)
P106	HP:0000510	USH2A	compHET	c.13274C>T:p.(Thr4425Met)	c.8981G>A:p.(Trp2994*)
P107	HP:0000510	CRB1	HOM	c.782A>G:p.(Asn261Ser)	
P108	HP:0000510	RPGR	HEMI	c.2250_2251del:p.(Lys751Glyfs*18)	
P109	HP:0000510	AHI1	compHET	c.2429C>T:p.(Pro810Leu)	c.2087A>G:p.(His696Arg)
P110	HP:0000510	EYS	HOM	c.490C>T:p.(Arg164*)	
P111	HP:0000510	CRB1	HOM	c.1819G>T:p.(Gly607*)	
P112	HP:0000510	CNGB1	compHET	c.3139_3142dup:p.(Ala1048Glyfs*13)	c.3A>T:p.0?
P113	HP:0000510	CNGB1	HOM	c.3A>T:p.0?	
P114	HP:0000510	BBS1	HOM	c.200G>A:p.(Arg67Glnext*-67)	
P115	HP:0000510	PDE6B	HOM	c.1485dup:p.(Pro496Alafs*5)	
P116	HP:0000510	CNGB1	HOM	c.761+2T>A:p.?	
P117	HP:0000510	AHI1	compHET	c.2090C>T:p.(Pro697Leu)	c.660del:p.(Pro220Profs*11)
P118	HP:0000510	RP1L1	HOM	c.603del:p.(Gly201Glyfs*30)	
P119	HP:0000510	ARL2BP	HOM	c.134T>G:p.(Met45Arg)	
P120	HP:0000510	ABCA4	HOM	c.3393del:p.(Ala1131Alafs*17)	
P121	HP:0000510	PROM1	HOM	c.2346del:p.(Phe782Phefs*10)	
P122	HP:0000510	TULP1	compHET	c.1081C>T:p.(Arg361*)	c.1255C>T:p.(Arg419Trp)
P123	HP:0007754	ABCA4	HOM	c.6658C>T:p.(Gln2220*)	
P124	HP:0007754	ABCA4	compHET	c.3364G>A:p.(Glu1122Lys)	c.1906C>T:p.(Gln636*)
P125	HP:0000510, HP:0008527, HP:0011476, HP:0007642, HP:0001751, HP:0000654	MYO7A	compHET	c.598A>G:p.(Ser200Gly)	c.611A>C:p.(Lys204Thr)
P126	HP:0000510, HP:0008527, HP:0011476, HP:0007642, HP:0001751, HP:0000654	ADGRV1	compHET	c.13919G>A:p.(Gly4640Glu)	c.18610G>A:p.(Gly6204Ser)
P127	HP:0000510, HP:0008527, HP:0012712, HP:0007642, HP:0000654	USH2A	compHET	c.3832_3834del:p.(Leu1278del)	c.920_92HP:0000510, HP:0008527, HP:0012712, HP:0007642, HP:0000654p.(His308Glnfs*16)
P128	HP:0000510, HP:0008527, HP:0012712, HP:0007642, HP:0000654	USH2A	HOM	c.2299del:p.(Glu767Serfs*21)	
P129	HP:0000510, HP:0008527, HP:0012712, HP:0007642, HP:0000654	USH2A	compHET	c.1055C>T:p.(Thr352Ile)	c.12819T>A:p.(Tyr4273*)
P130	HP:0000510, HP:0008527, HP:0012712, HP:0007642, HP:0000654	ADGRV1	HET	c.8807C>G:p.(Ser2936*)	
P131	HP:0000510, HP:0008527, HP:0012712, HP:0007642, HP:0000654	USH2A	compHET	c.12954C>A:p.(Tyr4318*)	c.5603T>G:p.(Phe1868Cys)
P132	HP:0000510, HP:0008527, HP:0012712, HP:0007642, HP:0000654	USH2A	compHET	c.7594+2T>A:p.?	c.4632G>C:p.(Lys1544Asn)
P133	HP:0000510, HP:0008527, HP:0012712, HP:0007642, HP:0000654	ADGRV1	compHET	c.3290-1G>A:p.?	c.11242dup:p.(Glu3748Glyfs*10)
P134	HP:0000510, HP:0008527, HP:0012712, HP:0007642, HP:0000654	USH2A	compHET	c.5012G>A:p.(Gly1671Asp)	c.5252G>T:p.(Gly1751Val)